Title,Price,Link
Shop on eBay,20.00,https://ebay.com/itm/123456?hash=item28caef0a3a:g:E3kAAOSwlGJiMikD&amdata=enc%3AAQAHAAAAsJoWXGf0hxNZspTmhb8%2FTJCCurAWCHuXJ2Xi3S9cwXL6BX04zSEiVaDMCvsUbApftgXEAHGJU1ZGugZO%2FnW1U7Gb6vgoL%2BmXlqCbLkwoZfF3AUAK8YvJ5B4%2BnhFA7ID4dxpYs4jjExEnN5SR2g1mQe7QtLkmGt%2FZ%2FbH2W62cXPuKbf550ExbnBPO2QJyZTXYCuw5KVkMdFMDuoB4p3FwJKcSPzez5kyQyVjyiIq6PB2q%7Ctkp%3ABlBMULq7kqyXYA
New ListingCanon EOS M50 24.1MP Mirrorless Digital Camera w/15-45mm STM Lens ,495.00,https://www.ebay.com/itm/284851774707?epid=20037832537&hash=item42527d24f3:g:USQAAOSw225iVgxg&amdata=enc%3AAQAHAAAA4Irq26XFVfhJL4K%2Fo9WDPUU9awQr8zOgYL11CYmPg0xZwNGk0ffQOxRsH9rI2%2Bvk2j1lH6749MZLllS9HfQDCSMa5IRvhcfnL0PkSWGUO4st6GgAhCevAZkH0Z75pU9zRaGObp3wj6viEk75q5HnYdaOKv%2BbDkI%2BgKtlNKghbg4UnLI25SykQiQNh%2B7v4facJCxEB4XwpQAeChburwnhIzLA4To1aKibwCMGWuo1KM%2FjlV60ReUlUYPEMpsS4JZNVLrZQkt2RHMsbeHrzJkAYH%2BmEQ%2Fl60ZK0rft405M6Sd0%7Ctkp%3ABFBMzMG_mqtg
Canon EOS Kiss M2 / M50 Mark II Mirrorless Digital Camera Black Body #220529n,498.00,https://www.ebay.com/itm/334462514504?epid=9041991175&hash=item4ddf84f548:g:L8MAAOSw3qpimWX6&amdata=enc%3AAQAHAAAA4JiBD%2FLTAgo3EZFu1K8lI2dx3dIw8IM4BXGesuvL%2Fq3fwtQ6XuYWsDdrXU9DjV77Uu7BIiR1TsjsMByYFqCGWuLqUtlGZHLSHUx72yprPZgw5SJ%2BhLdFjOnpzRKo1xk3x3A2O8rw3As%2FOo4YGwTPZ3apQbsEGEcRGyA1MVteWr33fPUrc1vXgvPT%2BiiYwt4OE49y8gl5ARotsJa7QAR48E25lxr86m9v%2F1hhPeUhctA4Q6i1%2FMB4N0lhb7FSSepaSgGLXJM8siNE4d%2F1BAu%2B0KZa9OD8FcXCc%2BDE2iqTA%2Bo5%7Ctkp%3ABFBMzMG_mqtg
Canon EOS M50 Mark II Camera Black + 3 Lens Kit 15-45mm STM+ 32GB + Flash & More,759.95,https://www.ebay.com/itm/224788796147?hash=item345674d2f3:g:NGYAAOSwt5Fh4Fhp
Canon EOS M50 Mark II Mirrorless Camera with IS STM 15-45mm Lens KIT *BRAND NEW*,639.88,https://www.ebay.com/itm/255539082499?epid=5042002600&hash=item3b7f50f503:g:qmIAAOSwUA1ifVDY
New ListingCanon EOS M50 24.1MP Mirrorless Digital Camera with 15-45mm STM Lens - Black,549.00,https://www.ebay.com/itm/125366147469?epid=20037832537&hash=item1d3067998d:g:O2cAAOSwr1Nipfjp
Canon EOS M50 24.1MP Mirrorless Digital Camera with 15-45mm STM Lens,450.00,https://www.ebay.com/itm/265726771647?epid=20037832537&hash=item3dde8cc1bf:g:zi4AAOSwB79in298
Canon EOS M50 24.1MP Mirrorless Digital Camera With 15-45mm STM Lens - Black,499.95,https://www.ebay.com/itm/363861413643?epid=20037832537&hash=item54b7d48f0b:g:QAAAAOSwxj5imlbr
New ListingCanon EOS M50 Mark II 24.1MP Mirrorless Camera - Black (EF-M 15-45mm...,440.00,https://www.ebay.com/itm/314033488120?epid=5042002600&hash=item491ddac0f8:g:4TsAAOSwGzBimGB2
Canon EOS M50 24.1MP Mirrorless Digital Camera with 15-45mm STM Lens,309.00,https://www.ebay.com/itm/203989782471?epid=20037832537&hash=item2f7ebd0fc7:g:4WEAAOSw7-9ipLqt
New ListingCanon EOS M50 Mirrorless Camera Body + Canon 15-45mm & 55-200mm STM Lens - Used,315.00,https://www.ebay.com/itm/175316157872?epid=20037832537&hash=item28d1a845b0:g:PAMAAOSw2Ddiphus
Canon EOS M50 24.1MP Mirrorless Digital Camera with 15-45mm STM Lens - Black,316.00,https://www.ebay.com/itm/394105140462?epid=20037832537&hash=item5bc27f34ee:g:FX8AAOSwLw9ini4n
Canon EOS M50 Mirrorless 24.1MP Digital Camera KIT!,268.00,https://www.ebay.com/itm/255570753178?epid=15027543386&hash=item3b8134369a:g:baAAAOSwA5linjFm
Canon EOS M50 24.0MP 15-45mm Lens - White - W/ Extras - Excellent Condition,455.00,https://www.ebay.com/itm/295024011194?epid=20041998502&hash=item44b0cd27ba:g:LY0AAOSwXERimW-j
New ListingCanon EOS M50 24.1MP Mirrorless Digital Camera with 15-45mm STM Lens - Black,308.00,https://www.ebay.com/itm/255579017567?epid=20037832537&hash=item3b81b2515f:g:-DEAAOSwHkNinuQg
"Canon EOS M50 Mark II 24.1MP, Mirrorless Camera - White (EF-M 15-45mm f3.5/f6.3)",450.00,https://www.ebay.com/itm/225023270544?epid=20041998502&hash=item34646e9e90:g:-eQAAOSwoIpioWht
Canon EOS M50 24.1MP Mirrorless Digital Camera with 15-45mm STM Lens - Black,197.50,https://www.ebay.com/itm/195125761358?epid=20037832537&hash=item2d6e66d54e:g:xwEAAOSw3Mhio4Rm
Canon M50 with 15-45mm IS lens and charger,355.00,https://www.ebay.com/itm/234581017021?hash=item369e1e41bd:g:9pgAAOSw69lingIQ
Canon EOS M50 Mark II 24.1MP Mirrorless Camera - Black (EF-M 15-45mm...,405.00,https://www.ebay.com/itm/334469573223?epid=5042002600&hash=item4ddff0aa67:g:mSsAAOSwimlioojC
**MINT**Canon EOS M50 24.1MP Mirrorless Digital Camera with 15-45mm STM Lens,530.00,https://www.ebay.com/itm/275345304229?epid=20037832537&hash=item401bdbeaa5:g:lCAAAOSwNP5io3Ts
Canon EOS M50 Mark II 24.1MP Mirrorless Camera - Black with EF-M 15-45mm Lens,460.00,https://www.ebay.com/itm/314026664717?epid=5042002600&hash=item491d72a30d:g:TjAAAOSwsodinmfx
canon eos m50 mirrorless digital camera,500.00,https://www.ebay.com/itm/403682419252?hash=item5dfd58e234:g:t4kAAOSwV1lihRVM
Canon EOS M50 24.1 MP Mirrorless Camera - Black (Body Only) ,469.00,https://www.ebay.com/itm/294964239109?epid=27032705926&hash=item44ad3d1b05:g:8zMAAOSwpv1iQ1UK
Canon EOS M50 Digital Camera 24.1 MP BODY ONLY + 2 Extra Batteries !!,446.00,https://www.ebay.com/itm/144574359732?epid=20037832537&hash=item21a94da8b4:g:oCoAAOSwJRBihZq4
"Canon EOS M50 Mirrorless Digital Camera with EF-M 15-45mm, EF-S 55-250mm, + more",610.00,https://www.ebay.com/itm/165520983736?epid=20037832537&hash=item2689d1c6b8:g:NqwAAOSwW1NinsF4
"Canon EOS M50 24.1MP Mirrorless Digital Camera, EF-M 15-45mm STM Lens, Black",549.95,https://www.ebay.com/itm/403694025344?epid=20037832537&hash=item5dfe09fa80:g:PpQAAOSw82dil6ZC
Canon EOS M50 Mark II Mirrorless Digital Camera & 15-45mm Lens Black + 16GB Kit,724.95,https://www.ebay.com/itm/224788790008?hash=item345674baf8:g:zCgAAOSwayxh4Fc9
Canon EOS M50 Mark II Mirrorless Camera & 15-45mm STM Lens Black + 32GB Bundle,739.95,https://www.ebay.com/itm/324994208182?hash=item4bab2a11b6:g:QQAAAOSwHoxh4FZU
"Canon EOS M50 Mirrorless Digital Camera (Body Only, White)",649.00,https://www.ebay.com/itm/333017856973?epid=15041450408&hash=item4d89693bcd:g:tgMAAOSwm~1cPu3r
"Canon EOS Kiss M/M50 24.0MP 15-45mm Lens Black [Exc++++] w/Box,8GB SD Japan[jkh]",689.99,https://www.ebay.com/itm/274763907587?hash=item3ff9348203:g:FtQAAOSwQZVcMiVh&amdata=enc%3AAQAHAAAA4G36Aq6CEjqnFqEYaSlR6%2FACEiznxM74iGN%2BVXM6dQhsj4rj6cx10EKW3vM2oVgN%2FHhdCG3X6pkDBI4yvJfDnsrF7rwPDR5qOIkYzJsty8gtnVAa4z8dB8nF3dUlNqSw15hJKKOCiZU1TP7opgBihZDnvWi453f%2FTVGYyP%2FSgkhY3TQvFHGYZg3LrbaKyJyl8S9oMBFXveyrNH6myXY%2FpFcO4IitGO6gljrGBawLiJbvDllZcyjtSHqVltx1Iqsk6Iggk3WB1ivUlvcI4uYUjdI6bBThZ5sCaXDlDPF88h3o%7Ctkp%3ABFBMzMG_mqtg
[MINT]Canon EOS M50 Mirrorless Camera Body - Black from Japan 1194,544.99,https://www.ebay.com/itm/274863822518?epid=15027543386&hash=item3fff2916b6:g:UKQAAOSwBYtg6ukV&amdata=enc%3AAQAHAAAA4LyRu9aF%2FPupSAV7Cj3wbMIayTBA%2Baa2n4PmFMWskysAMxUd2xr2gngQD6U%2BKcEPhDggWYlla3dpatOxO2PwF%2BwA%2B1MHdvo4Q8e519NmtPWuhjFs8TLwOYdA4dz5Z7a86ayy%2F5EFaL23omvuJLLDzJLR2cU2Dx2m4DQ4T7ILCiq5CkVuytO8Q2N8QhCZ%2B985h6jughy1kBmJQd5gHhxD1aB4w8LdKANzSVS3JWBbbpzDYPyN5GwQH4ljkEDIh7DWngGDpigGrF%2BynGdWeQ1F%2BSsr7%2FMblpsQDYlR%2BvJtddKn%7Ctkp%3ABFBMzMG_mqtg
Canon 2680C011 EOS M50 Mirrorless Digital Camera [with 15-45 STM Lens] Internat,900.09,https://www.ebay.com/itm/165084129987?epid=20037832537&hash=item266fc7eac3:g:VIgAAOSwmqthSSqK&amdata=enc%3AAQAHAAAA4KMPy6nAkIGvX808xy4XzIfNCBqMaZNWA3iZ7d4YMBJr67ibQ9JQEXjyQ%2BIMu8oL2bGJtpWdl5abPxpN64VklpCOKO9T2goVeBSV1QMSGCtEaLH%2Fy3vU6ve%2F1kC2%2BV%2BsA%2BWQfxVSkRXddfGDlJgQC98eW6xH9sakzUQhAXbDIjvk1RiWheiPSlExHDG9JRhUI%2Bs8%2BKx2A8q0h49n%2FTV3FDPmk5Nd5liqbk7L24CiKklM8gt5KzNvbq32MSNdWeMrmMa3jM2OCZ10MqkjJOU4iOw9%2F%2FSre718s%2BlHSiAhdVr5%7Ctkp%3ABFBMzMG_mqtg
"Full Spectrum Canon EOS M50 Body UV, Visible, IR or Astro Converted Camera",777.53,https://www.ebay.com/itm/185451086244?epid=12030190313&hash=item2b2dbf01a4:g:drEAAOSwcgphaJSq
Canon EOS M50 Mark II Mirrorless Digital Camera Body Black,599.95,https://www.ebay.com/itm/334289252340?epid=9041991175&hash=item4dd5312ff4:g:VYgAAOSwo4Jh31jP
"Canon EOS M50 Mirrorless Digital Camera (Body Only, Black)",649.00,https://www.ebay.com/itm/264141909425?epid=11023029015&hash=item3d8015adb1:g:dM0AAOSwuZ9cPu1k
Canon EOS M50 Mark II Mirrorless Digital Camera Body White,649.95,https://www.ebay.com/itm/325205886479?hash=item4bb7c8060f:g:jJoAAOSwxLJij8fl
Canon M50 Mark Digital Camera / Dead No Power For Parts,289.00,https://www.ebay.com/itm/265652383723?hash=item3dda1dafeb:g:jxIAAOSwe3hiXxUk
EOS M50 Mark II EF-M 15-45mm IS STM Kit Black,600.00,https://www.ebay.com/itm/234575407431?hash=item369dc8a947:g:7LQAAOSwDEtil3Nr
Canon EOS M50 Mark II Mirrorless Digital Camera with 15-45mm EF-M STM Lens White,759.95,https://www.ebay.com/itm/224832356609?epid=20041998502&hash=item34590d8101:g:BGcAAOSwJd1iBZPk
"Canon EOS M50 Mark II Mirrorless Digital Camera (Black, Body Only)",629.00,https://www.ebay.com/itm/334377873199?epid=9041991175&hash=item4dda796f2f:g:ECcAAOSwEBJiPMNA&amdata=enc%3AAQAHAAAA4Lj7RAzpUiHfaC91kQxfDZdemYdkgxOXZ0oUYHhOBrGKW9qZQegqDxTU9RG4HwsTn4fnpFAvNYVVqnMuntadxOhmYSwKm%2BzbLhKyxTmWithjusRse12G5I8Vrpwoulk3qXbz8%2BrFSP41FtuBwkdkrMawnWEeTRWUVh5amqBV%2FaG01PmGzRLLl9rClnqhuwXIBFYN%2FtKe8Sngu%2FOnTwZjsWDCjs%2F88z24GKff7T2RuqQXjh0DD5VC5pqkqbNkM3B%2FL2TyzxODBZvQMJmYjE0L%2FhUIZ5oK%2BtOpJM4kvgQr0zyf%7Ctkp%3ABFBMzMG_mqtg
EOS M50 Canon Camera Bundle w/ EF-EOS mount adapter & EFS 15-85mm lens ,1199.00,https://www.ebay.com/itm/284620392265?hash=item4244b28749:g:COoAAOSw6Xdh7Gph&amdata=enc%3AAQAHAAAA4LTfqzlv5pU75fMbLUzZqQLemWWhmtAqmS88aA8oDOzKGbPigSUer9SQ4FF12U0lGtA3%2B4YNqMk%2BnrNM9NroZ5zqdFTgk4Oyxzhsu2pwHoc4%2BxhDowZrcrZCrc9Qe1y7jyIF5otNlD%2FNI%2BeXWPCJpo7LgUDUmAnyXfh4rCR%2FxAXKHF2%2BYiTvyQoX6bHFCPOcb23XbP7krcEG9D0jjiX5xL%2FudAT9KsbtCMdeLxEMO4q4cnzW0ELOxepToi0eFOHv4THsJnVEh0Bu4v%2FSxXFtSEEBZK983YbS50H2Oj07V1vH%7Ctkp%3ABFBMzMG_mqtg
Canon EOS M50 Mark II Mirrorless Camera & 15-45mm STM Lens White + 32GB Bundle,799.95,https://www.ebay.com/itm/334325042704?epid=23053415655&hash=item4dd7534e10:g:ChYAAOSw~YdiBZUX
New Listing Canon M50 MK II + 18-150mm f/3.5-6.3 lens + 32mm f/1.4,979.00,https://www.ebay.com/itm/384944661134?hash=item59a07d628e:g:SfUAAOSwAGNipRt9
Canon EOS M50 Mark II Mirrorless Digital Camera & 15-45mm Lens White + 16GB Kit,779.95,https://www.ebay.com/itm/334325043331?hash=item4dd7535083:g:V4AAAOSwvwBiBZVw
Canon EOS M50 Mark II Mirrorless Digital Camera Body Black,699.95,https://www.ebay.com/itm/224787538381?epid=5042002600&hash=item345661a1cd:g:DTkAAOSwVZRh31mN
Canon EOS M50 Mark II Camera White + 3 Lens Kit 15-45mm STM+ 32GB + Flash & More,819.95,https://www.ebay.com/itm/325043915401?hash=item4bae208a89:g:wqgAAOSwyWJiBZYe
Canon EOS M50 Mark II Mirrorless Camera With 15-45mm Lens Content Creator Kit,513.00,https://www.ebay.com/itm/255570829098?epid=11045477981&hash=item3b81355f2a:g:RHQAAOSwGelinkRZ
Canon Rebel Eos M50,570.00,https://www.ebay.com/itm/234509976397?hash=item3699e2434d:g:H74AAOSw225iWK5o
Canon EOS M50 Mark II 24.1MP Mirrorless Camera - Black (EF-M 15-45mm...,700.00,https://www.ebay.com/itm/403699827620?epid=5042002600&hash=item5dfe6283a4:g:~MAAAOSw~hNfoJ4q
Canon EOS M50 Mark II,746.39 to 1184.56,https://www.ebay.com/itm/203957689743?hash=item2f7cd35d8f:g:k80AAOSwFOlihDSJ
Canon EOS M50 Mirrorless Camera Body GREAT CONDITION + strap + battery + charger,250.00,https://www.ebay.com/itm/134143638401?epid=15027543386&hash=item1f3b957b81:g:9lEAAOSwr4pio3zn
Canon EOS M50 Mark II Kit 15-45mm Is Stm Rode Joby Black,1076.74,https://www.ebay.com/itm/144507509990?hash=item21a5519ce6:g:NlYAAOSwBn1iWnda
Canon EOS M50 Mirrorless Camera Body - Black (READ DESCRIPTION),105.00,https://www.ebay.com/itm/255576981674?hash=item3b819340aa:g:X7kAAOSwY2xio~GW
"Canon EOS M50 Mark II Mirrorless Camera and EF-M 15-45mm Lens, SLIGHTLY USED",610.00,https://www.ebay.com/itm/334460001039?epid=5042002600&hash=item4ddf5e9b0f:g:P9EAAOSwuARiloLW
Canon EOS M50 Mark II Mirrorless Camera with 15-45mm Lens (White) By FedEx,979.78,https://www.ebay.com/itm/224831453322?hash=item3458ffb88a:g:ZZAAAOSwTXhiBNmv
Canon EOS M50 Mark II Kit 15-45 +55-200 Black Double Lens,1015.60,https://www.ebay.com/itm/403680105834?hash=item5dfd35956a:g:eeQAAOSwsedijdLN
Canon EOS M50 Mark II Mirrorless Digital Camera with 15-45mm Lens(Black) ByFedEx,949.58,https://www.ebay.com/itm/334213489628?hash=item4dd0ad23dc:g:y8kAAOSwYg5hi4Ap
Canon EOS M50 24.1MP Mirrorless Digital Camera with 15-45mm Lens - With Pouch,499.99,https://www.ebay.com/itm/354072925161?epid=20037832537&hash=item52706413e9:g:hygAAOSwpjViim8g
"Canon EOS M50 Mirrorless Digital Camera Bundle 2 Lenses, Charger, Adapter. ",310.00,https://www.ebay.com/itm/225021237281?epid=27032705926&hash=item34644f9821:g:MpoAAOSwAsBin2CD
Canon EOS M50 Mark II Mirrorless Digital Camera with 15-45mm Lens + Pro Bundle,729.90,https://www.ebay.com/itm/175303183992?epid=5042002600&hash=item28d0e24e78:g:~LYAAOSwRUdilmqw
Canon EOS M50 Mirrorless Digital Camera with 15-45mm EF-M IS STM Lens Black,709.00,https://www.ebay.com/itm/174231832806?epid=20037832537&hash=item289106c8e6:g:iUIAAOSwXy5efN3p
Canon EOS M50 24.1MP Mirrorless Digital Camera with 15-45mm STM Lens - Black,540.00,https://www.ebay.com/itm/185444544025?epid=20037832537&hash=item2b2d5b2e19:g:G7UAAOSw9lBiklpA
New ListingCanon EOS M50 Mirrorless Camera Body - Black,395.00,https://www.ebay.com/itm/203991190741?epid=15027543386&hash=item2f7ed28cd5:g:guEAAOSwB0tipjeu
**MINT** Canon EOS M50 24.1MP Mirrorless Digital Camera,479.00,https://www.ebay.com/itm/325207309513?epid=20037832537&hash=item4bb7ddbcc9:g:NMwAAOSwLNRibDWH
Canon EOS M50 24.1MP Mirrorless Digital Camera with 15-45mm STM Lens - Black,479.99,https://www.ebay.com/itm/203957713979?epid=20037832537&hash=item2f7cd3bc3b:g:8XAAAOSwsKVihEFf
Canon M50 with 15-45mm lens microphone & cage,700.00,https://www.ebay.com/itm/255566982525?hash=item3b80faad7d:g:aiAAAOSwIHlimsGx
Canon EOS M50 Mark II 24.1MP Mirrorless Camera + Lens & Accessories!,675.00,https://www.ebay.com/itm/394102111293?epid=5042002600&hash=item5bc250fc3d:g:3Q0AAOSw0f9inqZs
Canon EOS M50 24.1MP Digital Camera w/ 15-45mm Lens - Black,509.99,https://www.ebay.com/itm/265732854762?hash=item3ddee993ea:g:Qb8AAOSwUhZiloNK
Canon EOS M50 Mark II 24.1MP Mirrorless Camera - Black (EF-M 15-45mm f/3.5-6.3 …,850.00,https://www.ebay.com/itm/353983297909?epid=16041989998&hash=item526b0c7975:g:fz8AAOSw2E5iYbkl&amdata=enc%3AAQAHAAAA4FRSNdhne8s47TUtIbB0ojeNLaqYmUa7kWUf6QhqUg05fbAwADxrPyN%2FiT16s7ZXdYffnYc1vRg5YnpF5ahhC4UI3rysuE6q91nqqgVDRh3hgVhdfUPyfdOd1d0Ql85qCxuKbWU1mVWvCZsHR6yw34jzqFM0hNsc518rD95lg%2FHyhIXCtRt2ndjA9PmSrveHRQ8VsqAiV8CI0y845sygtNmQqer%2F5mkTDee8vIS6g5DuT6sKsuGmXUQD8A37WzUDMwGSZDRfeqgiguZuHWCD%2FDpqncKiSKiWntBLEguvo1hc%7Ctkp%3ABFBMzMG_mqtg
"Canon M50 EOS Mark II 24.1MP Mirrorless Camera W/ Bag, 2 Lenses, 3 Batteries Etc",849.99,https://www.ebay.com/itm/225022931984?hash=item3464697410:g:~-wAAOSwYnZioQOT&amdata=enc%3AAQAHAAAA4JeBM8LOa%2FRuuSRRYDbnat97Y%2B0CwEb0VClUHFAbiW2sKbCEkP7LWYHgJEgBuJHrE1Q5XurB5pRldVUhC5BejMGlfUQSV9grSojMy1hWNkBDQeXr6xKxk6nZqQY5%2BT0TFNSrMp29rylLqzeGMrv%2FMZd0gt5QPxzRd0B4Da%2FYQkwTXd8zUOG%2Fvesi2FzQATzjD%2FxlwcrSu0VS7QW1MrJzL%2F4H5mlyy%2B06IcRnhb7fDOsEvFyuOzPSLJusOpB2ARWPobLET3IF3%2F2mSNeK2nrrow1BhjB1QV%2FyN5NqdY6X68Ng%7Ctkp%3ABFBMzMG_mqtg
